links,count
0,315202
1,9584
2,34998
3,64957
4,90549
5,100106
6,107702
7,103954
8,108766
9,117811
10,119151
11,116675
12,119370
13,113643
14,103711
15,97880
17,86218
16,91147
19,75534
18,79380
4386,1
21,65733
20,69730
23,59337
22,61718
25,52830
24,56539
27,47979
26,50764
29,44446
28,46391
31,40821
30,41783
34,36075
35,35060
32,38911
33,37386
38,32049
39,30962
36,34369
37,32818
42,28230
43,27775
40,30221
41,28883
46,25726
47,25739
44,26633
45,25964
51,23056
50,23052
49,24033
48,24703
4352,1
55,21117
54,21850
53,22622
52,22950
59,19639
58,20276
57,20121
56,20807
63,17867
62,18187
61,18632
60,18816
68,16559
69,16158
70,16425
71,16525
64,17528
4464,1
65,17383
66,17203
67,16927
76,15809
77,15574
78,14724
79,14102
72,16060
73,17441
74,17277
75,16695
85,12739
84,13029
87,12042
86,12570
81,13729
80,13860
83,13851
82,13539
93,11423
92,11393
95,11485
94,11558
89,11739
88,11989
91,12166
90,12063
102,9697
103,9577
100,11081
101,10275
98,11538
99,10888
96,11565
4432,1
97,11577
110,8587
111,8521
108,8587
109,8608
106,9265
107,9192
104,9593
105,9508
119,7745
118,8291
117,8468
116,8413
115,8444
114,8595
113,8445
112,8532
127,7244
126,7338
125,7192
124,7623
123,7473
122,7947
121,7574
120,7722
137,6304
136,6261
139,5982
138,6269
141,6025
4541,1
140,6038
143,5779
142,5812
129,7038
128,6866
131,6869
130,6774
133,6528
132,6475
135,6436
134,6329
152,5640
153,5900
154,5494
155,5550
156,5091
157,4994
158,4823
159,5042
144,5580
145,5523
146,5575
147,5440
148,5682
149,5936
150,5840
151,5621
4519,1
171,4181
170,4652
169,4272
168,4495
175,4330
174,4197
173,4304
172,4513
163,4452
162,4791
161,4433
160,4918
167,4458
166,4385
165,4514
164,4345
186,3905
187,4055
184,3812
185,3743
190,3637
191,3784
188,3852
189,3712
178,4311
179,4501
176,4160
177,4018
182,4004
183,4249
180,4184
4484,1
181,3873
205,3470
204,3456
207,3106
206,3254
201,3279
200,3096
203,3263
202,3320
197,3995
196,3588
199,3604
198,3588
193,3456
192,3726
195,3350
194,3370
220,3047
221,2576
222,2816
223,3088
216,2925
217,2757
218,3157
219,3065
212,2774
213,3057
214,2952
215,3258
208,3449
209,3068
210,2982
211,2937
239,2464
238,2360
237,2453
236,2357
235,2561
234,2841
233,2658
232,3070
231,2923
230,2812
229,2716
228,2757
227,2524
226,3041
225,3119
224,3122
254,2009
255,2100
252,2018
253,2038
250,2099
251,2075
248,2373
249,1991
246,2028
247,2177
244,2126
245,2121
242,2126
243,2043
240,2549
241,2340
275,1848
274,1933
273,1991
272,2047
279,1550
278,1562
277,1716
276,1985
283,1438
282,1498
281,1620
280,1579
287,1640
286,1878
285,1659
284,1442
258,1672
259,2043
256,1978
257,1999
262,2061
263,1893
260,1862
261,1819
266,1699
267,1898
264,1748
265,2068
270,1721
271,1806
268,1767
269,1639
305,1802
304,1517
307,1926
306,1688
309,1269
308,1400
311,1535
310,1182
313,1173
312,1178
315,1183
314,1332
317,1501
316,1607
319,1158
318,1150
288,1536
289,1892
290,1685
291,1558
292,1715
293,1549
294,1676
295,1553
296,1519
297,1375
298,1720
299,1408
300,1467
301,1394
302,1985
303,1760
343,1074
342,858
341,899
340,1034
339,856
338,1212
4194,1
337,986
336,1044
351,1008
350,774
349,772
348,1641
347,1019
346,1155
345,1024
344,1078
326,1004
327,963
324,1109
325,1301
322,1266
323,1126
320,1070
321,1122
334,951
335,1125
332,986
333,1093
330,1224
331,1465
328,998
329,1141
373,722
372,718
375,718
374,804
369,1185
368,845
371,1057
370,928
381,895
380,797
383,718
382,1011
377,663
376,731
379,718
378,774
356,809
357,685
358,666
359,728
352,1102
353,949
354,1212
355,856
364,741
365,1005
366,935
367,1115
360,661
361,639
362,921
363,679
410,443
411,443
408,728
409,420
414,756
415,702
412,398
413,450
402,598
403,469
400,903
401,483
406,454
407,437
404,698
405,482
395,503
394,564
393,556
392,1025
399,520
398,473
397,503
396,487
387,1113
386,883
385,672
384,607
391,724
390,1070
389,832
388,1004
440,784
441,422
442,585
443,380
444,705
4236,1
445,718
446,515
447,652
432,852
433,547
434,736
435,424
436,452
437,359
438,387
439,422
425,385
424,407
427,504
426,659
429,589
428,431
431,551
430,528
417,481
416,763
419,404
418,423
421,449
420,390
423,392
422,700
478,317
479,302
476,445
477,357
474,312
475,980
472,276
473,276
470,285
471,282
468,335
469,270
466,619
467,439
464,337
465,306
463,323
462,325
461,590
460,341
459,389
458,345
457,320
456,358
455,344
454,380
453,371
452,402
451,512
450,836
449,483
448,476
508,225
509,241
510,245
511,229
504,277
505,246
506,252
507,212
500,232
501,269
502,337
503,579
496,256
497,247
498,229
499,231
493,343
492,353
495,290
494,569
489,293
488,296
491,301
490,304
485,436
484,503
4308,1
487,349
486,666
481,297
480,504
483,319
482,810
550,222
551,182
548,201
549,210
546,243
547,221
544,449
545,310
558,290
559,560
556,528
4892,1
557,822
554,568
555,237
552,184
553,177
567,173
566,151
565,158
564,505
563,276
562,376
561,456
560,255
575,200
574,259
573,411
572,257
571,219
570,209
569,489
568,158
516,229
517,272
518,330
519,279
512,369
513,899
514,453
515,254
524,255
525,213
526,234
527,383
520,253
521,261
522,247
523,220
533,425
532,249
535,431
534,209
529,368
528,700
531,237
530,225
541,221
540,313
543,252
542,241
537,177
536,175
539,276
538,169
610,168
611,141
608,180
609,137
614,479
615,196
612,129
613,254
618,156
619,152
616,173
617,143
622,152
623,151
620,142
621,141
627,177
626,161
625,169
624,172
631,496
630,231
629,190
628,168
635,177
634,201
633,273
632,494
639,130
638,128
637,145
636,147
576,360
577,217
578,442
579,196
580,230
581,199
582,177
583,413
584,566
585,564
586,229
587,184
588,164
589,158
590,159
591,127
593,138
592,159
595,188
594,155
597,187
596,167
599,201
598,202
601,605
600,219
603,199
602,251
605,589
604,196
607,306
606,572
687,534
686,76
685,78
684,77
683,73
682,76
681,67
680,78
679,96
678,75
677,75
676,81
5011,1
675,83
674,90
673,81
672,96
702,68
703,78
700,61
701,70
698,74
699,65
696,69
697,73
694,79
695,63
692,81
693,58
690,74
691,82
688,187
689,81
653,83
652,92
655,122
654,101
649,161
648,192
651,105
650,543
645,130
644,99
647,111
646,136
641,103
640,132
643,145
642,95
668,111
669,91
670,87
671,92
664,303
665,445
666,550
667,139
660,109
661,133
662,622
663,118
656,93
657,112
658,84
659,129
747,84
746,120
745,165
744,331
751,66
750,62
749,81
748,80
739,125
738,150
737,171
736,197
743,340
742,88
741,95
740,135
762,197
763,164
760,68
761,156
766,75
767,85
764,159
765,117
754,61
755,47
752,61
753,62
758,48
759,50
756,64
757,48
713,77
712,48
715,49
714,55
717,52
716,56
719,286
718,926
705,129
704,630
707,66
706,83
709,62
708,60
711,48
710,61
728,72
729,74
730,58
731,71
732,65
733,142
734,171
735,176
720,109
721,73
722,80
723,82
724,83
725,70
726,65
727,77
821,31
820,32
823,29
822,28
817,36
816,27
819,30
818,26
829,609
828,34
4623,1
831,52
830,133
825,31
824,29
827,31
826,29
804,50
805,41
806,30
807,33
800,62
801,59
802,57
803,48
812,54
813,41
814,34
815,29
808,32
809,35
810,34
811,30
791,22
790,22
789,41
788,36
787,42
786,45
785,41
784,112
799,90
798,102
797,195
796,344
795,92
794,29
793,45
792,36
774,34
775,52
772,46
773,48
770,66
771,56
768,56
769,64
782,94
783,590
780,60
781,93
778,30
779,45
776,57
777,45
881,21
880,28
883,24
882,16
885,21
884,16
887,24
886,22
889,20
888,26
891,16
890,26
893,21
4684,1
892,16
895,28
894,15
864,27
865,29
866,19
867,29
868,33
869,35
870,28
871,29
872,30
873,28
874,30
875,23
876,29
877,19
878,17
879,23
851,30
850,28
849,35
848,27
4711,1
855,25
854,18
853,16
852,21
859,34
858,29
857,39
856,74
863,135
862,88
861,19
860,32
834,40
835,48
832,38
833,39
838,46
839,22
4724,1
836,33
837,25
842,24
843,30
840,31
841,24
846,26
847,27
844,26
845,22
956,20
957,24
958,22
959,25
952,23
953,26
954,20
955,26
948,30
949,28
950,25
951,22
944,27
945,27
946,30
947,23
941,29
940,25
943,29
942,30
937,33
936,34
939,32
938,34
933,36
932,46
935,29
934,33
929,30
928,24
931,43
930,40
926,34
927,40
924,38
925,38
922,35
923,41
920,51
921,24
918,48
919,25
916,45
917,35
914,45
915,46
912,102
913,57
911,140
910,195
909,234
908,117
907,27
906,18
905,18
904,16
903,23
902,18
901,16
900,26
899,16
898,26
897,17
896,23
1016,18
1017,8
1018,16
1019,13
1020,12
1021,9
1022,14
1023,15
1008,25
1009,15
1010,11
1011,20
1012,14
1013,19
1014,14
1015,12
1001,15
1000,20
1003,16
1002,15
1005,13
1004,10
1007,12
1006,12
993,20
992,25
995,17
994,18
997,25
996,21
999,22
998,22
986,16
987,10
984,18
985,22
990,17
991,14
988,17
989,20
978,16
979,16
976,13
977,20
982,20
983,15
980,18
981,20
971,27
970,25
969,22
968,28
975,21
974,24
973,21
972,17
963,22
962,22
961,20
960,15
967,20
966,29
965,14
964,22
1100,15
1101,18
1102,14
1103,15
1096,20
1097,17
1098,15
1099,14
1092,9
1093,16
1094,16
1095,13
1088,8
1089,12
1090,11
1091,8
1117,15
1116,15
1119,7
1118,11
1113,14
1112,5
1115,11
1114,6
1109,15
1108,12
1111,13
1110,6
1105,12
1104,9
1107,15
1106,8
1134,15
1135,9
1132,8
1133,10
1130,13
1131,14
1128,13
1129,12
1126,13
1127,11
1124,11
1125,9
1122,9
1123,11
1120,12
1121,12
1151,8
1150,12
1149,9
1148,9
1147,9
1146,7
1145,10
1144,14
1143,14
1142,12
1141,14
1140,12
1139,9
1138,15
1137,5
1136,9
1032,10
1033,15
1034,13
5435,1
1035,17
1036,13
1037,8
1038,11
1039,12
1024,12
1025,11
1026,13
1027,11
1028,17
1029,8
1030,14
1031,14
1049,15
1048,10
1051,11
1050,14
1053,9
1052,17
1055,9
1054,7
1041,26
1040,13
1043,18
1042,12
1045,10
1044,15
1047,20
1046,14
1066,10
1067,17
1064,11
1065,12
1070,13
1071,9
1068,11
1069,17
1058,8
1059,11
1056,22
1057,10
1062,5
1063,12
1060,15
1061,11
1083,17
1082,10
1081,12
1080,9
1087,11
1086,15
1085,10
1084,13
1075,15
1074,14
1073,10
1072,19
1079,17
1078,7
1077,8
1076,6
1221,6
1220,13
1223,9
1222,9
1217,12
1216,5
1219,5
1218,5
1229,8
1228,1
1231,8
1230,6
1225,4
1224,7
1227,5
1226,5
1236,9
1237,10
1238,10
1239,8
1232,6
5601,1
1233,10
1234,6
1235,6
1244,11
1245,7
1246,7
1247,4
1240,9
1241,6
1242,10
1243,4
1255,4
1254,10
1253,12
1252,5
1251,11
1250,7
1249,9
1248,7
1263,6
1262,14
1261,2
1260,5
1259,4
1258,1
1257,13
1256,8
1270,7
1271,4
1268,4
1269,9
1266,8
5571,1
1267,6
1264,6
1265,5
1278,6
1279,3
1276,10
1277,7
1274,8
1275,6
1272,4
1273,9
1153,11
1152,5
1155,10
1154,9
1157,13
1156,8
1159,14
1158,5
1161,10
1160,6
1163,8
1162,10
1165,11
1164,7
1167,9
1166,9
1168,11
1169,5
1170,9
1171,10
1172,4
1173,7
1174,3
1175,5
1176,9
1177,9
1178,14
1179,10
1180,7
1181,9
1182,7
1183,3
1187,6
1186,11
1185,8
1184,7
1191,12
1190,13
1189,7
1188,10
1195,8
1194,8
1193,13
1192,9
1199,91
1198,323
1197,352
1196,250
1202,15
1203,11
1200,82
1201,25
1206,12
1207,17
1204,10
1205,10
1210,6
1211,3
1208,12
1209,4
1214,6
1215,8
1212,5
1213,8
1375,2
1374,9
1373,4
1372,3
1371,3
1370,3
1369,10
1368,3
1367,4
1366,7
1365,5
1364,3
1363,4
1362,4
1361,3
1360,6
1358,3
1359,7
1356,9
1357,5
1354,2
1355,5
1353,4
1350,4
1351,3
1348,7
1349,4
1346,9
1347,2
1344,3
5233,1
1345,4
1405,12
1404,4
1407,6
1406,3
1401,4
1400,2
1403,4
1402,1
1397,3
1396,2
1399,2
1398,2
1393,3
1392,4
1395,2
1394,4
1388,2
1389,3
1390,3
1391,3
1384,3
1385,2
1386,3
1387,1
1380,4
1381,6
1382,3
1383,6
1376,2
1377,7
1378,5
1379,2
1307,7
1306,4
1305,6
1304,7
1311,5
1310,2
1309,8
1308,2
1299,8
1298,4
1297,9
1296,5
1303,5
1302,3
1301,6
1300,5
1290,4
1291,5
1288,3
1289,11
1294,6
1295,6
1292,12
1293,5
1282,11
1283,9
1280,11
1281,8
1286,3
1287,7
1284,5
1285,6
1337,4
1336,3
1339,7
1338,5
1341,7
1340,6
1343,3
1342,5
1329,5
1328,3
1331,3
1330,1
1333,3
1332,2
1335,4
1334,3
1320,5
1321,5
1322,3
1323,9
1324,3
1325,7
1326,6
1327,2
1312,8
1313,6
1314,6
1315,5
1316,6
1317,5
1318,1
1319,8
1494,3
1495,3
1492,4
1493,2
1490,4
1491,6
1488,5
1489,5
1502,6
1503,1
1500,2
1501,1
1498,2
1499,2
1496,3
1497,2
1479,3
1478,2
1477,3
1476,3
1475,2
1474,1
1473,4
1472,1
1487,2
1486,6
1485,1
1484,3
1483,2
1482,5
1480,1
1524,2
1525,3
1526,2
1527,3
1520,1
1521,5
1522,1
1523,1
1532,2
1533,2
1534,6
1528,1
1529,1
1530,2
1531,2
1509,1
1508,2
1511,2
1505,1
1504,5
1507,2
1517,2
1516,1
1519,2
1518,1
1513,1
1512,1
1515,2
1514,2
1426,3
1427,3
1425,4
1430,3
1431,3
1428,2
1429,3
1434,3
1435,4
1432,5
1433,3
1438,2
1439,5
1436,5
1437,5
1411,4
1410,1
1409,1
1408,5
1415,1
1414,3
1413,3
1412,2
1419,3
1418,2
1417,7
5305,1
1416,2
1423,1
1422,5
1421,2
1420,2
1456,3
1457,3
1458,1
1459,2
1460,4
1461,4
1462,1
1463,3
1464,5
1465,2
1466,2
1467,3
1468,6
1469,5
1470,3
1471,2
1441,3
1440,2
1443,3
1442,1
1445,1
1444,4
1447,7
1446,5
1449,4
1448,5
1451,1
1450,1
1453,3
1452,1
1455,4
1454,2
1642,1
1640,2
1641,3
1646,1
1647,1
1644,2
1645,1
1635,2
1632,1
1633,1
1638,1
1639,3
1636,1
1637,3
1658,3
1657,1
1656,3
1662,2
1661,4
1660,2
1650,2
1649,2
1648,1
1653,1
1608,1
1610,3
1611,1
1612,4
1614,3
1615,1
1601,4
1602,1
1604,1
1605,3
1606,2
1607,2
1625,1
1627,1
1626,1
1629,2
1628,2
1631,1
1630,1
1617,1
1619,1
1618,3
1621,3
1623,1
1582,1
1583,1
1580,2
1581,2
1578,1
1576,2
1577,1
1574,1
1575,1
1572,2
1573,3
1570,2
1568,3
1569,3
1599,2
1598,3
1597,2
1596,1
1595,2
1594,1
1593,2
1592,5
1591,4
1590,1
1589,2
1588,5
1586,1
1585,2
1584,1
1548,3
5948,1
1549,1
1550,3
1551,1
1546,2
1547,1
1540,4
1541,5
1542,1
1543,1
1536,3
1537,1
1538,4
1539,3
1565,3
1564,1
1567,2
1566,2
1561,1
1560,4
1563,3
1562,1
1557,1
1556,5
1559,2
1558,1
1553,2
1552,2
1555,4
1554,2
1763,1
1762,3
1761,1
1760,4
1766,1
1764,1
1770,1
1769,1
1768,2
1774,2
1773,1
1772,1
1778,1
1779,1
1776,2
1777,1
1782,1
1780,1
1786,2
1784,1
1785,1
1790,1
1789,1
1729,2
1728,2
1731,1
1730,2
1733,2
1732,1
1737,2
1736,3
1739,2
1738,2
1740,2
1742,2
1745,3
1747,3
1750,3
6119,1
1752,2
1754,1
1755,1
1756,1
1703,2
1702,3
1701,2
1699,1
1698,1
1697,3
1711,1
1710,1
1709,1
1708,2
1707,1
1704,1
1718,3
1719,3
1716,2
1717,1
1714,1
1713,4
1726,3
1724,4
1725,5
1723,1
1720,2
1721,4
1669,4
1668,2
1671,1
1670,2
1665,4
1664,1
1667,4
1666,4
1679,1
1678,2
1673,3
1672,4
1675,1
1674,2
1684,5
1685,1
1686,4
1687,1
1681,3
1682,2
1683,2
1692,2
1693,1
1694,3
1689,1
1690,1
1691,2
1912,2
1915,1
1914,2
1919,1
1918,1
1904,2
1907,1
1906,1
1911,1
1910,1
1899,1
1900,2
1901,1
1902,1
1903,2
1888,1
1889,1
1894,1
1883,1
1882,2
1881,3
1880,2
1887,1
1886,1
1885,1
1874,3
1873,1
1872,2
1877,1
1876,2
1864,1
1865,1
1868,2
1869,1
1858,1
1859,1
1862,1
1860,1
1861,2
1852,1
1854,1
1849,2
1851,2
1850,2
1844,1
1847,2
1846,1
1841,1
1838,2
1839,2
1834,1
1835,3
1828,1
1829,1
1830,1
1826,1
1822,4
1821,2
1820,1
1819,3
1816,1
1812,1
1811,1
1810,1
1804,1
1803,1
1800,1
1801,1
1799,1
1796,1
1797,2
1793,3
2032,1
2033,1
2037,1
2040,1
2041,2
5836,1
2045,1
2019,1
2018,1
2025,1
2027,1
2028,2
2003,1
2000,1
2001,4
2004,1
2010,1
2009,1
2014,1
2015,2
2012,1
1986,2
1985,1
1991,1
1988,1
1994,2
1993,1
1999,1
1996,3
1975,1
1968,2
1970,1
1980,1
1982,2
1976,1
1977,1
1978,1
1959,2
1953,1
1952,2
1955,2
1967,1
1966,1
1960,1
1963,2
1962,1
1942,1
1937,1
1950,1
1949,2
1947,1
1945,1
1925,1
1923,1
1932,1
1931,4
1929,2
1928,1
2203,1
2205,1
2207,2
2192,1
2193,2
2197,2
2198,1
2191,1
2181,1
2180,1
2182,1
2239,1
2236,1
2237,1
2226,1
2230,1
2228,1
2219,1
2216,1
2221,2
2214,2
2268,1
2261,2
2259,1
2253,1
2248,1
2244,1
2247,1
2241,2
2299,1
2296,1
2297,1
2287,1
2284,2
2283,1
2280,1
2067,1
2066,1
2068,1
2071,1
2070,1
2072,1
2074,1
2077,2
2076,1
2079,2
2078,1
2049,1
2050,1
2054,1
2055,1
2057,1
2058,1
2060,1
2061,1
2097,1
2096,1
2101,1
2106,2
2110,1
2080,1
2081,1
2086,1
2087,3
2084,2
2090,1
2088,2
2094,1
2092,1
2133,1
2134,1
2128,1
2130,1
2140,2
2136,1
2113,1
2114,2
2126,1
2123,1
2161,2
2174,1
2172,1
2169,2
2151,1
2148,1
2144,1
2159,3
2441,1
2447,1
2435,2
2459,1
2460,1
2465,1
2464,1
2466,1
2480,1
2482,1
2487,1
2509,1
2507,1
2503,1
2502,1
2501,1
2498,1
2497,1
2518,1
2542,1
2529,1
2557,1
2554,1
2306,1
2307,1
2305,3
2311,1
2308,1
2321,1
2326,2
2330,1
2334,1
2333,1
2336,1
2343,2
2345,2
2348,1
2350,1
2352,1
2354,1
2359,1
2367,1
2366,1
2371,2
2376,1
2377,1
2396,1
2395,1
2394,1
2412,1
2421,1
2422,1
2428,1
2425,1
2750,1
2746,1
2740,1
2738,1
2739,1
2721,1
2718,1
2701,1
2810,1
2801,1
2784,1
2762,1
2622,1
2620,1
2596,1
2604,1
2580,1
2582,2
2578,1
2588,1
2591,1
2560,3
2562,1
2683,1
2680,1
2661,1
2642,1
2650,1
2628,1
2629,1
2630,1
3000,1
2999,1
2992,1
2953,1
2970,1
2968,1
3053,1
3016,1
3038,1
3037,1
2862,1
2857,1
2864,1
2872,1
2820,1
2819,1
2829,1
2826,1
2842,1
2926,1
2933,1
2887,1
2890,1
2889,1
2898,1
2900,1
2910,1
3264,1
3273,1
3324,1
3303,1
3301,1
3205,1
3249,1
3236,1
3242,1
3241,1
3150,1
3188,1
3097,1
3083,1
3074,1
3135,1
3119,1
3106,1
3104,1
3109,1
3562,1
3578,1
3461,1
3486,1
3519,1
3416,1
3414,1
3455,1
3449,1
3339,1
3388,1
3839,1
3804,1
3741,1
3708,1
3683,1
3674,1
3657,1
3653,1
3644,1
3586,1
4092,1
4034,1
4030,1
3986,1
3889,1